month,platform,spend,impressions,clicks,conversions,revenue_attributed,cpc,cpa,roas,year,month_number,month_name,calculated_roas,cumulative_spend,cumulative_spend_pct
2025-12-01,Email Marketing,1796.66,15675,477,11,1198.99,3.77,163.33,0.67,2025,12,December,0.6673438491422974,1796.66,0.0035682980946369395
2025-10-01,Email Marketing,791.74,34439,701,23,959.52,1.13,34.42,1.21,2025,10,October,1.2119130017429964,2588.4,0.005140751610298138
2025-07-01,Email Marketing,1362.0,31149,725,41,2364.53,1.88,33.22,1.74,2025,7,July,1.736071953010279,3950.4,0.007845783171581583
2024-06-01,Email Marketing,942.79,18357,1008,22,1694.39,0.94,42.85,1.8,2024,6,June,1.7972082860446124,4893.1900000000005,0.009718233028896133
2025-09-01,Facebook Ads,3877.76,476467,7608,275,9733.42,0.51,14.1,2.51,2025,9,September,2.510062510315233,8770.95,0.017419747850542597
2024-10-01,Email Marketing,1040.57,25380,1279,58,2620.57,0.81,17.94,2.52,2024,10,October,2.5183985700145115,9811.52,0.019486395935509347
2024-08-01,Facebook Ads,5418.73,587723,12869,354,16769.26,0.42,15.31,3.09,2024,8,August,3.094684547855309,15230.25,0.030248389821025817
2025-06-01,Email Marketing,1293.73,31040,1612,38,4167.46,0.8,34.05,3.22,2025,6,June,3.221274918259606,16523.98,0.032817832171818204
2025-03-01,Google Ads,4709.29,593246,20049,419,15626.52,0.23,11.24,3.32,2025,3,March,3.31823268475715,21233.27,0.04217082635774809
2025-11-01,Email Marketing,1555.69,27509,619,48,5230.26,2.51,32.41,3.36,2025,11,November,3.362019425463942,22788.96,0.04526054041764019
2024-11-01,Email Marketing,1841.71,24088,972,55,6200.27,1.89,33.49,3.37,2024,11,November,3.366583229715862,24630.67,0.04891831110540181
2025-02-01,Email Marketing,724.9,34283,841,23,2632.2,0.86,31.52,3.63,2025,2,February,3.63112153400469,25355.57,0.05035801549510399
2025-01-01,Influencer,4482.46,259271,12860,272,16965.03,0.35,16.48,3.78,2025,1,January,3.784758815471861,29838.03,0.05926050871991352
2025-09-01,Google Ads,6501.13,816614,16811,377,24956.21,0.39,17.24,3.84,2025,9,September,3.8387495712283863,36339.159999999996,0.07217222812814159
2025-02-01,Google Ads,3865.38,389308,12899,273,15024.39,0.3,14.16,3.89,2025,2,February,3.8869115067600077,40204.53999999999,0.07984915536481837
2024-09-01,Email Marketing,722.81,29960,812,36,2813.58,0.89,20.08,3.89,2024,9,September,3.8925582103180645,40927.34999999999,0.08128470886174295
2025-07-01,Google Ads,5843.74,487289,12489,480,24954.4,0.47,12.17,4.27,2025,7,July,4.270278965183256,46771.08999999999,0.09289080367520441
2025-11-01,Facebook Ads,6884.2,1001489,26466,836,30596.67,0.26,8.23,4.44,2025,11,November,4.444477208680747,53655.289999999986,0.10656332810559169
2025-09-01,Influencer,2371.92,301265,14815,300,10831.61,0.16,7.91,4.57,2025,9,September,4.566600053964721,56027.209999999985,0.11127413461134751
2025-03-01,Facebook Ads,4232.78,519688,7437,187,19451.19,0.57,22.64,4.6,2025,3,March,4.595369945992941,60259.98999999998,0.11968074510471706
2024-01-01,Email Marketing,868.82,29509,1215,58,4223.97,0.72,14.98,4.86,2024,1,January,4.861732004327709,61128.80999999998,0.12140628513487439
2024-04-01,Email Marketing,955.87,18316,785,57,4675.54,1.22,16.77,4.89,2024,4,April,4.8913973657505725,62084.679999999986,0.12330471282832814
2024-11-01,Influencer,4269.49,235145,15447,375,21202.36,0.28,11.39,4.97,2024,11,November,4.966017018426089,66354.16999999998,0.13178423206517398
2024-08-01,Email Marketing,1192.86,27374,1267,87,5926.54,0.94,13.71,4.97,2024,8,August,4.968344986000034,67547.02999999998,0.13415333922243725
2025-01-01,Facebook Ads,2367.52,416899,7683,287,11865.8,0.31,8.25,5.01,2025,1,January,5.011911198215854,69914.54999999999,0.13885540700655605
2025-01-01,Email Marketing,730.59,29426,878,36,3745.83,0.83,20.29,5.13,2025,1,January,5.127130127705005,70645.13999999998,0.1403064121521934
2025-11-01,Instagram Ads,2731.23,512210,8585,254,14166.78,0.32,10.75,5.19,2025,11,November,5.186959721444184,73376.36999999998,0.1457308345832684
2024-11-01,Instagram Ads,5965.21,853655,28959,628,34361.79,0.21,9.5,5.76,2024,11,November,5.76036551940334,79341.57999999999,0.15757817769610513
2024-04-01,Influencer,5861.27,562441,27581,924,34178.08,0.21,6.34,5.83,2024,4,April,5.831173107534715,85202.84999999999,0.1692190883709978
2024-08-01,TikTok Ads,2195.14,519254,10882,217,13202.46,0.2,10.12,6.01,2024,8,August,6.01440454822927,87397.98999999999,0.17357879687425457
2024-12-01,TikTok Ads,2219.28,1043919,15552,318,13937.47,0.14,6.98,6.28,2024,12,December,6.280176453624598,89617.26999999999,0.1779864491821291
2024-10-01,Facebook Ads,5251.93,804087,11568,640,34053.52,0.45,8.21,6.48,2024,10,October,6.484001119588417,94869.19999999998,0.18841716607467782
2025-03-01,Email Marketing,1106.72,32243,1215,65,7269.93,0.91,17.03,6.57,2025,3,March,6.568897282058696,95975.91999999998,0.19061519289516504
2024-11-01,Facebook Ads,8556.1,1434080,14395,963,56432.58,0.59,8.88,6.6,2024,11,November,6.595596124402473,104532.01999999999,0.20760823294031724
2025-07-01,TikTok Ads,3326.9,977120,17387,429,22073.93,0.19,7.76,6.63,2025,7,July,6.634984520123839,107858.91999999998,0.2142156995344684
2024-12-01,Email Marketing,1029.27,28124,1213,87,6975.87,0.85,11.83,6.78,2024,12,December,6.7774927861494065,108888.18999999999,0.21625990499341277
2025-05-01,Facebook Ads,2606.51,265540,4450,207,17816.9,0.59,12.59,6.84,2025,5,May,6.83553870884823,111494.69999999998,0.2214366243875397
2025-08-01,Email Marketing,979.16,21708,1286,62,6962.74,0.76,15.79,7.11,2025,8,August,7.110931819110258,112473.85999999999,0.22338130772347678
2025-02-01,Facebook Ads,3426.6,574506,13385,291,24511.8,0.26,11.78,7.15,2025,2,February,7.153388198213973,115900.45999999999,0.23018678580563087
2024-05-01,Email Marketing,1108.88,27599,1522,79,8046.32,0.73,14.04,7.26,2024,5,May,7.256258567202942,117009.34,0.23238910254401265
2025-08-01,Instagram Ads,1627.91,311503,5905,145,11960.16,0.28,11.23,7.35,2025,8,August,7.346941784250972,118637.25,0.23562225080313817
2025-09-01,Email Marketing,758.43,19102,1035,65,5572.64,0.73,11.67,7.35,2025,9,September,7.347599646638451,119395.68,0.23712854822386076
2024-07-01,Email Marketing,834.24,32390,1425,95,6367.74,0.59,8.78,7.63,2024,7,July,7.6329833141542,120229.92,0.23878540984624338
2025-10-01,Facebook Ads,4378.84,504101,7870,320,33977.43,0.56,13.68,7.76,2025,10,October,7.759459126161266,124608.76,0.24748210617650063
2024-07-01,Instagram Ads,4640.72,800126,13752,959,36768.09,0.34,4.84,7.92,2024,7,July,7.922927907738453,129249.48,0.25669891533000966
2025-04-01,Email Marketing,682.35,29295,1599,88,5435.52,0.43,7.75,7.97,2025,4,April,7.965882611562981,129931.83,0.2580541123093355
2024-02-01,Email Marketing,860.15,18261,811,63,6865.91,1.06,13.65,7.98,2024,2,February,7.982224030692321,130791.98,0.25976243308572167
2024-01-01,Facebook Ads,1971.43,338022,7163,333,15950.86,0.28,5.92,8.09,2024,1,January,8.091010078978204,132763.41,0.26367783717592796
2024-04-01,Facebook Ads,4664.76,894426,19779,937,39426.57,0.24,4.98,8.45,2024,4,April,8.452003961618603,137428.17,0.2729423915267449
2024-10-01,Instagram Ads,1838.91,277966,7574,272,16657.19,0.24,6.76,9.06,2024,10,October,9.058186643174489,139267.08000000002,0.2765946012098284
2024-07-01,Google Ads,5942.08,572017,24713,987,53985.04,0.24,6.02,9.09,2024,7,July,9.085209219667188,145209.16,0.28839600645187763
2025-05-01,Email Marketing,749.19,25894,1280,98,6871.07,0.59,7.64,9.17,2025,5,May,9.171331704907967,145958.35,0.2898839525571625
2025-08-01,Facebook Ads,4299.84,730386,19582,842,39541.48,0.22,5.11,9.2,2025,8,August,9.196035201309817,150258.19,0.2984237491125729
2024-08-01,Instagram Ads,2935.6,678174,16111,745,28753.77,0.18,3.94,9.79,2024,8,August,9.794852840986511,153193.79,0.3042540653029574
2025-09-01,Instagram Ads,2906.69,460017,10269,577,28673.9,0.28,5.04,9.86,2025,9,September,9.864794663345593,156100.48,0.3100269641200403
2025-05-01,Instagram Ads,2046.54,489976,11843,310,20859.69,0.17,6.6,10.19,2025,5,May,10.192661760825589,158147.02000000002,0.31409154216073715
2025-07-01,Instagram Ads,2196.06,301227,4833,269,22554.37,0.45,8.16,10.27,2025,7,July,10.270379679972313,160343.08000000002,0.31845307785124527
2025-07-01,Facebook Ads,3147.25,414354,6374,379,32851.11,0.49,8.3,10.44,2025,7,July,10.438036380967512,163490.33000000002,0.32470374641310235
2025-01-01,Google Ads,2419.64,246287,7644,365,25542.59,0.32,6.63,10.56,2025,1,January,10.556359623745681,165909.97000000003,0.32950932832715807
2024-05-01,TikTok Ads,2037.9,632790,15212,362,21835.26,0.13,5.63,10.71,2024,5,May,10.71458854703371,167947.87000000002,0.33355674669627666
2024-05-01,Google Ads,4994.33,526794,14956,1012,54138.89,0.33,4.94,10.84,2024,5,May,10.84007064010588,172942.2,0.3434758511584387
2024-12-01,Google Ads,6324.04,660589,21577,1093,71106.59,0.29,5.79,11.24,2024,12,December,11.243855193831791,179266.24000000002,0.35603585688150696
2024-08-01,Google Ads,4024.01,465545,13730,840,45891.2,0.29,4.79,11.4,2024,8,August,11.404345416636637,183290.25000000003,0.36402783489393004
2024-06-01,Google Ads,7036.5,896454,36590,1953,81543.06,0.19,3.6,11.59,2024,6,June,11.588582391814112,190326.75000000003,0.3780028382573448
2025-08-01,Influencer,4692.08,468848,26005,935,54665.76,0.18,5.02,11.65,2025,8,August,11.650645342790405,195018.83000000002,0.3873216521252353
2025-03-01,Influencer,4766.51,665757,23664,737,55748.27,0.2,6.47,11.7,2025,3,March,11.695825666997445,199785.34000000003,0.3967882894139087
2024-07-01,Facebook Ads,5816.93,865034,13829,1025,68591.49,0.42,5.68,11.79,2024,7,July,11.79169940157437,205602.27000000002,0.4083411376075772
2025-10-01,Google Ads,7934.97,995004,30908,1940,94963.74,0.26,4.09,11.97,2025,10,October,11.967750350662952,213537.24000000002,0.42410056806854435
2024-03-01,Facebook Ads,2513.96,413529,6540,254,30308.05,0.38,9.9,12.06,2024,3,March,12.055899855208516,216051.2,0.42909347639732853
2024-04-01,TikTok Ads,2272.7,555474,8215,412,27601.49,0.28,5.52,12.14,2024,4,April,12.144801337616054,218323.90000000002,0.43360722473016916
2024-04-01,Google Ads,7846.89,639155,27881,831,96956.59,0.28,9.44,12.36,2024,4,April,12.35605316246309,226170.79000000004,0.44919172187254763
2025-06-01,TikTok Ads,2672.46,798351,16277,489,33199.24,0.16,5.47,12.42,2025,6,June,12.422726626404136,228843.25000000003,0.4544994227875752
2024-12-01,Instagram Ads,2953.9,532486,13661,413,37390.91,0.22,7.15,12.66,2024,12,December,12.65815024205288,231797.15000000002,0.46036608411567737
2025-06-01,Facebook Ads,4942.69,742608,14778,762,64842.82,0.33,6.49,13.12,2025,6,June,13.118933212481464,236739.84000000003,0.4701826277629902
2024-07-01,Influencer,6449.46,406960,30323,1498,84700.19,0.21,4.31,13.13,2024,7,July,13.132911902701933,243189.30000000002,0.482991726774176
2025-06-01,Google Ads,6596.09,680816,29467,2261,87271.92,0.22,2.92,13.23,2025,6,June,13.230856461934266,249785.39,0.4960920436839162
2025-12-01,Google Ads,10726.23,1557007,75253,2406,141924.78,0.14,4.46,13.23,2025,12,December,13.231562254398797,260511.62000000002,0.517395120544111
2024-04-01,Instagram Ads,2344.92,484252,12115,691,31193.79,0.19,3.39,13.3,2024,4,April,13.302709687324088,262856.54000000004,0.522052303076185
2024-12-01,Facebook Ads,4828.9,695009,14964,1187,64482.93,0.32,4.07,13.35,2024,12,December,13.353544285448033,267685.44000000006,0.5316428514655255
2025-03-01,Instagram Ads,1879.89,271949,10176,385,26118.46,0.18,4.88,13.89,2025,3,March,13.893610796376382,269565.3300000001,0.5353764504242194
2024-03-01,Influencer,3044.92,310912,20703,456,42953.97,0.15,6.68,14.11,2024,3,March,14.106764709746068,272610.25000000006,0.5414238841258223
2024-11-01,Google Ads,9899.22,817243,18205,1229,139961.49,0.54,8.05,14.14,2024,11,November,14.138638195736634,282509.47000000003,0.5610844586721425
2024-01-01,Influencer,2229.89,324906,18550,672,32663.79,0.12,3.32,14.65,2024,1,January,14.648162016960478,284739.36000000004,0.565513183215601
2025-04-01,Instagram Ads,3324.89,537804,17879,569,51919.29,0.19,5.84,15.62,2025,4,April,15.615340657886428,288064.25000000006,0.5721166578028225
2025-08-01,Google Ads,4482.62,649315,17276,605,71909.84,0.26,7.41,16.04,2025,8,August,16.041921911739117,292546.87000000005,0.581019468799328
2025-12-01,Instagram Ads,5671.66,910841,21625,869,91175.48,0.26,6.53,16.08,2025,12,December,16.075625125624597,298218.53,0.5922838001538572
2024-01-01,Google Ads,2676.14,303594,13271,500,43063.16,0.2,5.35,16.09,2024,1,January,16.091519875641783,300894.67000000004,0.5975988098178903
2025-12-01,Influencer,6329.25,337538,17751,1374,103555.05,0.36,4.61,16.36,2025,12,December,16.361346131058184,307223.92000000004,0.610169162981806
2025-02-01,Instagram Ads,1209.85,268204,5850,178,19822.71,0.21,6.8,16.38,2025,2,February,16.38443608711824,308433.77,0.6125720135210267
2024-03-01,Email Marketing,532.24,25622,1394,75,8860.06,0.38,7.1,16.65,2024,3,March,16.646738313542762,308966.01,0.6136290810674127
2024-06-01,Facebook Ads,4786.02,706031,18625,780,79876.72,0.26,6.14,16.69,2024,6,June,16.6895917693616,313752.03,0.6231344666422539
2024-09-01,Facebook Ads,2585.43,507610,14146,471,43588.98,0.18,5.49,16.86,2024,9,September,16.85947018484353,316337.46,0.628269319615447
2025-11-01,Google Ads,9175.05,1213190,42156,2649,156629.41,0.22,3.46,17.07,2025,11,November,17.071232309360713,325512.51,0.6464916396054277
2024-09-01,TikTok Ads,2120.05,663058,9314,337,36454.24,0.23,6.29,17.19,2024,9,September,17.194990684181974,327632.56,0.650702213879656
2024-06-01,Instagram Ads,2595.18,354096,13074,524,45563.58,0.2,4.95,17.56,2024,6,June,17.557001826462905,330227.74,0.6558564310655675
2024-09-01,Influencer,3246.37,222653,13102,492,57105.61,0.25,6.6,17.59,2024,9,September,17.590604274928612,333474.11,0.6623039591930299
2024-02-01,Google Ads,6122.11,497660,15128,1065,110409.49,0.4,5.75,18.03,2024,2,February,18.034548546171173,339596.22,0.6744629171751509
2025-04-01,Google Ads,6090.74,793655,25107,1461,113492.74,0.24,4.17,18.63,2025,4,April,18.63365371038659,345686.95999999996,0.6865595720441462
2025-10-01,TikTok Ads,1835.34,654311,7132,328,34272.9,0.26,5.6,18.67,2025,10,October,18.673869691719247,347522.3,0.6902046914462652
2024-10-01,Google Ads,6161.95,615892,17065,1283,116873.09,0.36,4.8,18.97,2024,10,October,18.966900088446028,353684.25,0.7024427745806635
2024-05-01,Influencer,2088.13,304073,10311,675,39625.36,0.2,3.09,18.98,2024,5,May,18.976481349341277,355772.38,0.7065899534015613
2024-01-01,TikTok Ads,1141.7,554273,6967,346,22369.23,0.16,3.3,19.59,2024,1,January,19.592914075501444,356914.08,0.708857453059063
2025-02-01,TikTok Ads,1749.5,755271,17300,605,34578.68,0.1,2.89,19.76,2025,2,February,19.764892826521862,358663.58,0.7123320879463357
2024-11-01,TikTok Ads,4303.73,1610695,25062,1155,86870.93,0.17,3.73,20.19,2024,11,November,20.185032518303892,362967.31,0.7208796103261025
2025-07-01,Influencer,4182.89,320406,15265,831,88649.84,0.27,5.03,21.19,2025,7,July,21.193442811070813,367150.2,0.7291871356325466
2025-10-01,Instagram Ads,2800.41,374771,10510,593,59619.96,0.27,4.72,21.29,2025,10,October,21.289725433061587,369950.61,0.734748954600633
2025-04-01,Facebook Ads,4830.1,801899,21530,1240,102989.85,0.22,3.9,21.32,2025,4,April,21.32250885074843,374780.70999999996,0.7443418862776926
2024-12-01,Influencer,3521.84,410225,25902,1627,75390.95,0.14,2.16,21.41,2024,12,December,21.406693660132202,378302.55,0.7513365179618265
2025-04-01,Influencer,5320.31,351288,25672,1154,118652.19,0.21,4.61,22.3,2025,4,April,22.30174369538617,383622.86,0.7619030425329073
2024-01-01,Instagram Ads,2418.95,561361,18729,748,54454.46,0.13,3.23,22.51,2024,1,January,22.511610409475185,386041.81,0.7667072540565245
2024-02-01,Facebook Ads,3681.15,518814,14679,848,84633.22,0.25,4.34,22.99,2024,2,February,22.990972929655136,389722.96,0.7740182870461123
2025-09-01,TikTok Ads,1930.66,883901,12498,571,44399.02,0.15,3.38,23.0,2025,9,September,22.99680938124786,391653.62,0.777852718936059
2024-02-01,Instagram Ads,1667.58,343834,6693,427,38473.67,0.25,3.91,23.07,2024,2,February,23.07155878578539,393321.2,0.7811646547150348
2025-05-01,Influencer,2073.68,278956,16107,685,48327.13,0.13,3.03,23.31,2025,5,May,23.30500848732688,395394.88,0.7852831347796474
2025-06-01,Instagram Ads,3626.73,450696,14857,1110,85124.39,0.24,3.27,23.47,2025,6,June,23.47138882684953,399021.61,0.7924860856711697
2024-09-01,Google Ads,7818.64,1036560,22546,1784,188990.84,0.35,4.38,24.17,2024,9,September,24.171830395055917,406840.25,0.8080144762484922
2024-05-01,Facebook Ads,3902.42,639214,11483,882,95193.2,0.34,4.42,24.39,2024,5,May,24.393376417710034,410742.67,0.8157649676327681
2024-06-01,TikTok Ads,3202.0,912644,14800,1018,79914.88,0.22,3.15,24.96,2024,6,June,24.957801374141162,413944.67,0.8221243736968132
2024-08-01,Influencer,4408.57,515060,29058,1673,111754.27,0.15,2.64,25.35,2024,8,August,25.349324157266416,418353.24,0.8308801159803135
2025-05-01,TikTok Ads,1366.22,579593,10786,727,34666.98,0.13,1.88,25.37,2025,5,May,25.374376015575823,419719.45999999996,0.8335935287700761
2024-03-01,Instagram Ads,2118.63,418139,13241,493,55146.65,0.16,4.3,26.03,2024,3,March,26.029391635160458,421838.08999999997,0.8378012828205034
2025-08-01,TikTok Ads,2937.8,927533,21550,1621,77463.73,0.14,1.81,26.37,2025,8,August,26.36793859350534,424775.88999999996,0.8436359683717063
2025-05-01,Google Ads,7647.25,974567,48686,3109,203610.44,0.16,2.46,26.63,2025,5,May,26.62531498251005,432423.13999999996,0.8588239658805351
2025-12-01,Facebook Ads,7480.08,1454093,34543,2668,201086.58,0.22,2.8,26.88,2025,12,December,26.882945102191417,439903.22,0.8736799515493494
2025-01-01,Instagram Ads,1728.09,357769,8998,495,48198.87,0.19,3.49,27.89,2025,1,January,27.89141190562992,441631.31,0.8771120646115655
2024-03-01,Google Ads,7708.44,1101566,47333,3387,215294.41,0.16,2.28,27.93,2024,3,March,27.929699134974133,449339.75,0.8924215899333422
2025-11-01,TikTok Ads,2461.91,1144872,15014,1094,69939.43,0.16,2.25,28.41,2025,11,November,28.408605513605288,451801.66,0.8973111231573064
2024-07-01,TikTok Ads,3322.38,1515580,36371,912,95348.39,0.09,3.64,28.7,2024,7,July,28.698821326880125,455124.04,0.9039096127010486
2025-10-01,Influencer,5530.28,556117,27000,1454,161882.8,0.2,3.8,29.27,2025,10,October,29.272080256334217,460654.32,0.9148931530407951
2025-03-01,TikTok Ads,2507.12,1243607,25093,1739,74893.05,0.1,1.44,29.87,2025,3,March,29.87214413350777,463161.44,0.9198724766295799
2025-12-01,TikTok Ads,3408.5,755034,18046,1171,111842.6,0.19,2.91,32.81,2025,12,December,32.81285022737275,466569.94,0.9266420067886362
2024-06-01,Influencer,5428.83,769724,59427,3701,181649.73,0.09,1.47,33.46,2024,6,June,33.46019860632954,471998.77,0.9374240600124558
2024-09-01,Instagram Ads,1515.15,282171,10165,675,56561.19,0.15,2.24,37.33,2024,9,September,37.33042273042273,473513.92000000004,0.9404332586689013
2025-01-01,TikTok Ads,1968.38,729442,16828,829,74390.88,0.12,2.37,37.79,2025,1,January,37.792946483910626,475482.30000000005,0.9443426052361547
2024-10-01,TikTok Ads,2727.8,1187855,23296,1086,103967.94,0.12,2.51,38.11,2024,10,October,38.11420925287778,478210.10000000003,0.949760215436499
2024-02-01,TikTok Ads,943.7,322885,6717,471,37368.13,0.14,2.0,39.6,2024,2,February,39.597467415492204,479153.80000000005,0.951634472620334
2024-03-01,TikTok Ads,2936.85,1113686,19229,1518,128845.37,0.15,1.93,43.87,2024,3,March,43.87196145530075,482090.65,0.9574672714020925
2025-02-01,Influencer,3299.54,459041,23850,1314,145897.87,0.14,2.51,44.22,2025,2,February,44.2176394285264,485390.19,0.9640203990362461
2024-05-01,Instagram Ads,2409.32,540211,21439,1534,109119.91,0.11,1.57,45.29,2024,5,May,45.29075008716152,487799.51,0.9688054846759168
2024-02-01,Influencer,1902.35,196661,14807,855,91158.26,0.13,2.22,47.92,2024,2,February,47.91876363445213,489701.86,0.9725836908364215
2025-11-01,Influencer,3739.24,513437,35516,2154,181593.14,0.11,1.74,48.56,2025,11,November,48.564184165766314,493441.1,0.9800100948123491
2024-10-01,Influencer,3840.5,546315,34996,1789,201925.01,0.11,2.15,52.58,2024,10,October,52.57779195417264,497281.6,0.9876376085503147
2025-06-01,Influencer,4583.34,673654,48789,2877,255897.99,0.09,1.59,55.83,2025,6,June,55.83220751678906,501864.94,0.9967404568293844
2025-04-01,TikTok Ads,1641.2,669391,13741,929,95190.94,0.12,1.77,58.0,2025,4,April,58.00081647574945,503506.14,1.0
