month,platform,historical_spend,historical_revenue_attributed,roas,proposed_review_amount,share_of_row_spend_reviewed
2025-12-01,Email Marketing,1796.66,1198.99,0.6673438491422974,1796.66,1.0
2025-10-01,Email Marketing,791.74,959.52,1.2119130017429964,791.74,1.0
2025-07-01,Email Marketing,1362.0,2364.53,1.736071953010279,1362.0,1.0
2024-06-01,Email Marketing,942.79,1694.39,1.7972082860446124,942.79,1.0
2025-09-01,Facebook Ads,3877.76,9733.42,2.510062510315233,3877.76,1.0
2024-10-01,Email Marketing,1040.57,2620.57,2.5183985700145115,1040.57,1.0
2024-08-01,Facebook Ads,5418.73,16769.26,3.094684547855309,5418.73,1.0
2025-06-01,Email Marketing,1293.73,4167.46,3.221274918259606,1293.73,1.0
2025-03-01,Google Ads,4709.29,15626.52,3.31823268475715,4709.29,1.0
2025-11-01,Email Marketing,1555.69,5230.26,3.362019425463942,1555.69,1.0
2024-11-01,Email Marketing,1841.71,6200.27,3.366583229715862,1841.71,1.0
2025-02-01,Email Marketing,724.9,2632.2,3.63112153400469,724.9,1.0
2025-01-01,Influencer,4482.46,16965.03,3.784758815471861,4482.46,1.0
2025-09-01,Google Ads,6501.13,24956.21,3.8387495712283863,6501.13,1.0
2025-02-01,Google Ads,3865.38,15024.39,3.8869115067600077,3865.38,1.0
2024-09-01,Email Marketing,722.81,2813.58,3.8925582103180645,722.81,1.0
2025-07-01,Google Ads,5843.74,24954.4,4.270278965183256,5843.74,1.0
2025-11-01,Facebook Ads,6884.2,30596.67,4.444477208680747,6884.2,1.0
2025-09-01,Influencer,2371.92,10831.61,4.566600053964721,2371.92,1.0
2025-03-01,Facebook Ads,4232.78,19451.19,4.595369945992941,4232.78,1.0
2024-01-01,Email Marketing,868.82,4223.97,4.861732004327709,868.82,1.0
2024-04-01,Email Marketing,955.87,4675.54,4.8913973657505725,955.87,1.0
2024-11-01,Influencer,4269.49,21202.36,4.966017018426089,4269.49,1.0
2024-08-01,Email Marketing,1192.86,5926.54,4.968344986000034,1192.86,1.0
2025-01-01,Facebook Ads,2367.52,11865.8,5.011911198215854,2367.52,1.0
2025-01-01,Email Marketing,730.59,3745.83,5.127130127705005,730.59,1.0
2025-11-01,Instagram Ads,2731.23,14166.78,5.186959721444184,2731.23,1.0
2024-11-01,Instagram Ads,5965.21,34361.79,5.76036551940334,5965.21,1.0
2024-04-01,Influencer,5861.27,34178.08,5.831173107534715,5861.27,1.0
2024-08-01,TikTok Ads,2195.14,13202.46,6.01440454822927,2195.14,1.0
2024-12-01,TikTok Ads,2219.28,13937.47,6.280176453624598,2219.28,1.0
2024-10-01,Facebook Ads,5251.93,34053.52,6.484001119588417,5251.93,1.0
2025-03-01,Email Marketing,1106.72,7269.93,6.568897282058696,1106.72,1.0
2024-11-01,Facebook Ads,8556.1,56432.58,6.595596124402473,4725.308000000018,0.5522735825902009
