month,spend,revenue_attributed,clicks,conversions,roas,cpc,cpa
2024-01-01,11306.93,172725.47,65895,2657,15.276071400459717,0.1715901054708248,4.255525028227324
2024-02-01,15177.039999999999,368908.68,58835,3729,24.30702429459236,0.25795937792130536,4.070002681684097
2024-03-01,18855.04,481408.51,108440,6183,25.53208638114796,0.17387532275912948,3.0494970079249555
2024-04-01,23946.41,234032.06,96356,3852,9.773158481793304,0.2485201751836938,6.216617341640706
2024-05-01,16540.98,327958.94,74923,4544,19.827056196186685,0.22077306034195107,3.640180457746479
2024-06-01,23991.32,470242.36,143524,7998,19.600520521588642,0.16715894205847107,2.999664916229057
2024-07-01,27005.81,345760.94,120413,5476,12.803205680555406,0.2242765316037305,4.931667275383492
2024-08-01,20174.91,222297.5,83917,3916,11.018512598073547,0.2404150529690051,5.151917773237998
2024-09-01,18008.45,385514.44,70085,3795,21.407419294831037,0.2569515588214311,4.745309617918314
2024-10-01,20861.66,476097.32,95778,5128,22.821641230851238,0.21781265008665873,4.068186427457098
2024-11-01,34835.46,345029.42,103040,4405,9.904546114792225,0.33807705745341615,7.908163450624291
2024-12-01,20877.23,269284.72,92869,4725,12.898488927889378,0.22480300207819617,4.4184613756613755
2025-01-01,13696.68,180709.0,54891,2284,13.193635245913608,0.249525058752801,5.996795096322241
2025-02-01,14275.77,242467.65,74125,2684,16.984558451137836,0.19259048903878584,5.318841281669151
2025-03-01,19202.31,199107.41999999998,87634,3532,10.368930613035618,0.21911940571011254,5.436667610419026
2025-04-01,21889.59,487680.53,105528,5441,22.279107557519353,0.2074292130998408,4.023082154015806
2025-05-01,16489.39,332152.21,93152,5136,20.14338977973109,0.17701595242184814,3.210551012461059
2025-06-01,23715.04,530503.8200000001,125780,7537,22.369931486516574,0.18854380664652567,3.1464826854186017
2025-07-01,20058.84,193448.18,57073,2429,9.644036245366133,0.35145935906645875,8.258065047344587
2025-08-01,19019.41,262503.70999999996,91604,4210,13.801885021669966,0.20762641369372517,4.51767458432304
2025-09-01,18346.59,124166.79999999999,63036,2165,6.767840781311404,0.29104940034266136,8.474175519630485
2025-10-01,23271.58,385676.35,84121,4658,16.572847653661675,0.276644119779841,4.9960455130957495
2025-11-01,26547.32,458155.69,128356,7035,17.258076898157704,0.20682570351210694,3.7736062544420754
2025-12-01,35412.38,650783.48,167695,8499,18.377287265075097,0.21117135275351082,4.166652547358512
