order_month,orders,gross_revenue,discount_amount,refund_amount,net_revenue,total_costs,profit,profit_margin,avg_order_value
2024-01-01,2,334.59000000000003,28.04,0.0,306.55,236.07999999999998,70.47,0.22988093296362747,153.275
2024-02-01,8,1094.81,88.76,0.0,1006.05,789.5500000000001,216.5,0.21519805178669052,125.75625
2024-03-01,20,2946.35,84.28999999999999,42.59,2819.47,1987.75,831.72,0.2949916118986902,140.9735
2024-04-01,24,3777.23,212.4,224.32,3340.51,2442.69,897.8199999999999,0.2687673439085648,139.18791666666667
2024-05-01,39,7446.9,483.72,133.95,6829.23,4489.71,2339.52,0.34257449229268894,175.10846153846154
2024-06-01,44,6731.91,605.3100000000001,550.99,5575.61,4414.66,1160.95,0.2082193697191877,126.71840909090908
2024-07-01,40,6731.57,513.83,390.3,5827.4400000000005,4137.18,1690.26,0.2900518924261768,145.686
2024-08-01,69,10237.14,856.92,1214.21,8166.01,6581.23,1584.78,0.19407029871381493,118.34797101449276
2024-09-01,80,10565.68,994.6,1756.75,7814.33,7000.02,814.3100000000001,0.10420727048896067,97.679125
2024-10-01,76,8229.960000000001,386.6,988.8,6854.5599999999995,5460.38,1394.18,0.20339452860577487,90.19157894736841
2024-11-01,86,11118.96,925.74,414.47,9778.75,7255.0,2523.75,0.25808513358046786,113.7063953488372
2024-12-01,109,15660.07,1416.79,663.0799999999999,13580.2,10063.11,3517.09,0.2589866128628444,124.58899082568809
2025-01-01,112,14346.55,981.09,990.99,12374.47,9706.46,2668.01,0.21560600171158847,110.48633928571428
2025-02-01,100,14360.21,1054.06,1156.1100000000001,12150.039999999999,8655.25,3494.79,0.28763609008694624,121.50039999999998
2025-03-01,128,18525.63,1283.22,961.25,16281.16,12215.11,4066.05,0.24973957629554652,127.1965625
2025-04-01,107,16650.99,968.59,1169.8500000000001,14512.55,10305.75,4206.8,0.28987324763738975,135.63130841121495
2025-05-01,153,21032.38,1881.65,835.89,18314.84,13590.44,4724.4,0.25795475144746005,119.70483660130719
2025-06-01,155,23129.72,1682.5,1623.6,19823.62,15002.33,4821.29,0.2432093633756095,127.89432258064515
2025-07-01,173,21836.1,1709.97,1660.38,18465.75,14429.78,4035.97,0.21856518148464046,106.73843930635839
2025-08-01,159,20012.5,1455.71,1429.89,17126.9,13145.18,3981.72,0.23248340330123954,107.71635220125788
2025-09-01,125,17158.4,1310.48,1811.17,14036.75,11292.11,2744.64,0.19553244162644487,112.294
2025-10-01,91,11519.34,855.02,726.0799999999999,9938.24,7744.62,2193.62,0.2207251988279615,109.21142857142857
2025-11-01,65,9527.51,899.08,906.38,7722.05,6046.9800000000005,1675.07,0.21692037736093395,118.80076923076923
2025-12-01,32,4673.8,372.43,931.4,3369.9700000000003,2804.13,565.84,0.16790653922735216,105.31156250000001
2026-01-01,3,320.83000000000004,17.509999999999998,0.0,303.32,189.04,114.28,0.3767638137940129,101.10666666666667
